filename,makespan,time,ub
3128_10j_5m,109.0,1800.2473330497742,109.0
3129_10j_5m,102.0,1800.264607667923,102.0
3130_10j_5m,97.0,1800.2637765407562,97.0
3131_10j_5m,105.0,1800.2838430404663,105.0
3133_10j_5m,96.0,1800.2780001163483,96.0
3134_10j_5m,97.0,1800.3094358444214,97.0
3135_10j_5m,97.0,1800.3306427001953,97.0
3136_10j_5m,105.0,1800.301386833191,105.0
3137_10j_5m,90.0,1800.2391996383667,90.0
3138_10j_5m,93.0,1800.2358627319336,93.0
3139_10j_5m,102.0,1800.2320795059204,102.0
3140_10j_5m,93.0,1800.241719007492,93.0
3141_10j_5m,106.0,1800.2474863529205,106.0
3142_10j_5m,106.0,1800.219974040985,106.0
3144_10j_5m,110.0,1800.2194712162018,110.0
3145_10j_5m,83.0,1800.2522640228271,83.0
3146_10j_5m,115.0,1800.2414162158966,115.0
3147_10j_5m,84.0,1800.2542266845703,84.0
3148_10j_5m,103.0,1800.223711013794,103.0
3149_10j_5m,88.0,1800.2207169532776,88.0
3150_10j_5m,96.0,1800.2386102676392,96.0
3151_10j_5m,111.0,1800.2304306030273,111.0
3152_10j_5m,103.0,1800.2289743423462,103.0
3153_10j_5m,109.0,1800.2534003257751,109.0
3155_10j_5m,105.0,1800.20187997818,105.0
3156_10j_5m,103.0,1800.2427062988281,103.0
3157_10j_5m,107.0,1800.2257874011993,107.0
3158_10j_5m,91.0,1800.2390201091766,91.0
3159_10j_5m,96.0,1800.237342119217,96.0
3200_10j_5m,96.0,1800.227816581726,96.0
3201_10j_5m,101.0,1800.328824043274,101.0
3202_10j_5m,105.0,1800.2916836738586,105.0
3203_10j_5m,99.0,1800.2974035739899,99.0
3205_10j_5m,91.0,1800.261156797409,91.0
3206_10j_5m,100.0,1800.2105658054352,100.0
3207_10j_5m,97.0,1800.2784962654114,97.0
3208_10j_5m,84.0,1800.243968963623,84.0
3209_10j_5m,90.0,1800.2354626655579,90.0
3210_10j_5m,110.0,1800.2527167797089,110.0
3211_10j_5m,91.0,1800.2233698368073,91.0
3212_10j_5m,87.0,1800.2019970417023,87.0
3213_10j_5m,101.0,1800.2426795959473,101.0
3214_10j_5m,92.0,1800.2379064559937,92.0
3216_10j_5m,91.0,1800.2528584003448,91.0
3217_10j_5m,93.0,1800.2053027153015,93.0
3218_10j_5m,88.0,1800.1981360912323,88.0
3219_10j_5m,93.0,1800.1775531768799,93.0
3220_10j_5m,81.0,1800.2168340682983,81.0
3221_10j_5m,93.0,1800.2092287540436,93.0
3222_10j_5m,89.0,1800.2173476219177,89.0
3223_10j_5m,97.0,1800.2326700687408,97.0
3225_10j_5m,109.0,1800.2366852760315,109.0
3226_10j_5m,81.0,1800.22820520401,81.0
3227_10j_5m,95.0,1800.256309747696,95.0
3228_10j_5m,110.0,1800.2323904037476,110.0
3229_10j_5m,82.0,1800.2293388843536,82.0
3230_10j_5m,100.0,1800.2364432811737,100.0
3231_10j_5m,94.0,1800.240846157074,94.0
3232_10j_5m,106.0,1800.2580494880676,106.0
3233_10j_5m,105.0,1800.2459526062012,105.0
3234_10j_5m,71.0,1800.2129549980164,71.0
3235_10j_5m,94.0,1800.2414150238037,94.0
3237_10j_5m,96.0,1800.2075135707855,96.0
3238_10j_5m,94.0,1800.214903831482,94.0
3239_10j_5m,97.0,1800.232188463211,97.0
3240_10j_5m,95.0,1800.2036740779877,95.0
3241_10j_5m,96.0,1800.2486636638641,96.0
3242_10j_5m,91.0,434.8578460216522,91.0
3243_10j_5m,94.0,1800.1875987052917,94.0
3244_10j_5m,87.0,1800.2024281024933,87.0
3245_10j_5m,99.0,1800.237632036209,99.0
3246_10j_5m,105.0,1800.265578508377,105.0
3248_10j_5m,107.0,1800.2678906917572,107.0
3249_10j_5m,115.0,1800.242182970047,115.0
3250_10j_5m,117.0,1800.2629244327545,117.0
3251_10j_5m,116.0,1800.2532465457916,116.0
3252_10j_5m,92.0,1800.2356956005096,92.0
3253_10j_5m,95.0,1800.2328004837036,95.0
3254_10j_5m,111.0,0.7946240901947021,111.0
3255_10j_5m,115.0,1800.2539336681366,115.0
3256_10j_5m,77.0,1800.2269871234894,77.0
3257_10j_5m,91.0,1800.1847956180573,91.0
3259_10j_5m,81.0,1800.2113809585571,81.0
3300_10j_5m,93.0,1800.2295746803284,93.0
3301_10j_5m,89.0,1800.1940574645996,89.0
3302_10j_5m,85.0,1224.271985054016,85.0
3303_10j_5m,88.0,1800.2081031799316,88.0
3304_10j_5m,83.0,1800.2074155807495,83.0
3305_10j_5m,88.0,1800.228837966919,88.0
3306_10j_5m,77.0,1800.2392983436584,77.0
3307_10j_5m,96.0,1800.2068610191345,96.0
3308_10j_5m,92.0,1800.2407565116882,92.0
3309_10j_5m,89.0,1800.212172985077,89.0
3311_10j_5m,107.0,1800.2156546115875,107.0
3312_10j_5m,98.0,1800.2018342018127,98.0
3313_10j_5m,82.0,1800.2127273082733,82.0
3314_10j_5m,88.0,1800.2135937213898,88.0
3315_10j_5m,103.0,1800.2157235145569,103.0
3316_10j_5m,82.0,1800.252762556076,82.0
3317_10j_5m,103.0,2.8526864051818848,103.0
1615_15j_10m,139.0,1802.7164113521576,139.0
1616_15j_10m,136.0,1803.002641916275,136.0
1617_15j_10m,135.0,1803.14848446846,135.0
1618_15j_10m,132.0,1802.9775395393372,132.0
1620_15j_10m,152.0,1803.2402610778809,152.0
1621_15j_10m,147.0,1803.1385846138,147.0
1622_15j_10m,145.0,1802.9227418899536,145.0
1623_15j_10m,140.0,1803.0455405712128,140.0
1625_15j_10m,147.0,1803.1177582740784,147.0
1626_15j_10m,137.0,1802.956491470337,137.0
1627_15j_10m,135.0,1802.7787799835205,135.0
1628_15j_10m,139.0,1802.792575120926,139.0
1629_15j_10m,144.0,1802.9042406082153,144.0
1631_15j_10m,144.0,1802.710052728653,144.0
1632_15j_10m,144.0,1802.7927651405334,144.0
1633_15j_10m,120.0,1803.013243675232,120.0
1634_15j_10m,130.0,1802.9719457626343,130.0
1636_15j_10m,126.0,1802.7562310695648,126.0
1637_15j_10m,139.0,1802.832993030548,139.0
1638_15j_10m,130.0,1802.8548130989075,130.0
1639_15j_10m,140.0,1802.7901179790497,140.0
1641_15j_10m,142.0,1803.1954445838928,142.0
1642_15j_10m,143.0,1803.0203256607056,143.0
1643_15j_10m,153.0,1802.9655940532684,153.0
1644_15j_10m,130.0,1803.127465248108,130.0
1646_15j_10m,138.0,220.58871269226074,138.0
1647_15j_10m,142.0,1803.0382461547852,142.0
1648_15j_10m,134.0,408.9875180721283,134.0
1649_15j_10m,141.0,1803.0620985031128,141.0
1651_15j_10m,143.0,1803.0310156345367,143.0
1652_15j_10m,151.0,1803.3146426677704,151.0
1653_15j_10m,145.0,1803.2520985603333,145.0
1654_15j_10m,141.0,1803.3456439971924,141.0
1656_15j_10m,135.0,1803.55655169487,135.0
1657_15j_10m,148.0,1803.4419538974762,148.0
1658_15j_10m,147.0,1803.4099740982056,147.0
1659_15j_10m,145.0,1803.5469164848328,145.0
1701_15j_10m,148.0,1803.4364202022552,148.0
1702_15j_10m,133.0,1803.449798822403,133.0
1703_15j_10m,145.0,1803.4416251182556,145.0
1704_15j_10m,152.0,1803.4651417732239,152.0
1706_15j_10m,152.0,92.17065811157227,152.0
1707_15j_10m,150.0,1803.3742220401764,150.0
1708_15j_10m,161.0,360.64281368255615,161.0
1709_15j_10m,147.0,1803.3800237178802,147.0
1711_15j_10m,149.0,1803.520647764206,149.0
1712_15j_10m,145.0,1803.3839693069458,145.0
1713_15j_10m,150.0,1803.4208853244781,150.0
1714_15j_10m,159.0,1803.4105463027954,159.0
1716_15j_10m,145.0,1803.5137112140656,145.0
1717_15j_10m,141.0,1803.4972505569458,141.0
1718_15j_10m,163.0,1803.5513410568237,163.0
1719_15j_10m,171.0,73.66059446334839,171.0
1721_15j_10m,155.0,1802.9456131458282,155.0
1722_15j_10m,140.0,1803.1971650123596,140.0
1723_15j_10m,168.0,1803.2224426269531,168.0
1725_15j_10m,150.0,1803.5698285102844,150.0
1726_15j_10m,155.0,1803.2219016551971,155.0
1727_15j_10m,154.0,1803.0937237739563,154.0
1728_15j_10m,148.0,1803.2282357215881,148.0
1730_15j_10m,143.0,1802.598376750946,143.0
1731_15j_10m,130.0,1802.7587077617645,130.0
1732_15j_10m,127.0,1802.5864012241364,127.0
1733_15j_10m,133.0,1802.7842087745667,133.0
1735_15j_10m,133.0,1802.8987205028534,133.0
1736_15j_10m,143.0,1802.976434469223,143.0
1737_15j_10m,132.0,1802.7822766304016,132.0
1738_15j_10m,133.0,1802.672890663147,133.0
1740_15j_10m,130.0,1802.769368171692,130.0
1741_15j_10m,132.0,1802.7738614082336,132.0
1742_15j_10m,145.0,1802.979866027832,145.0
1743_15j_10m,155.0,1803.0603399276733,155.0
1745_15j_10m,141.0,1802.9878182411194,141.0
1746_15j_10m,146.0,1803.2119674682617,146.0
1747_15j_10m,143.0,1803.2894401550293,143.0
1748_15j_10m,142.0,654.7276544570923,142.0
1750_15j_10m,140.0,1803.3285040855408,140.0
1751_15j_10m,161.0,70.42684149742126,161.0
1752_15j_10m,145.0,1803.1965305805206,145.0
1753_15j_10m,140.0,1803.1659915447235,140.0
1755_15j_10m,127.0,1802.9942228794098,127.0
1756_15j_10m,150.0,1802.9529094696045,150.0
1757_15j_10m,142.0,1803.0198214054108,142.0
1758_15j_10m,135.0,1803.1018002033234,135.0
1800_15j_10m,151.0,1803.073297739029,151.0
1801_15j_10m,139.0,1803.0555438995361,139.0
1802_15j_10m,137.0,1803.1048874855042,137.0
1803_15j_10m,159.0,1803.0392854213715,159.0
1805_15j_10m,142.0,1802.9713146686554,142.0
1806_15j_10m,128.0,1802.9378724098206,128.0
1807_15j_10m,131.0,1803.373901605606,131.0
1808_15j_10m,156.0,1803.337431192398,156.0
1810_15j_10m,154.0,1803.6537923812866,154.0
1811_15j_10m,153.0,1803.3955919742584,153.0
1812_15j_10m,152.0,1803.484275341034,152.0
1813_15j_10m,155.0,1803.443468093872,155.0
1815_15j_10m,152.0,1803.30642080307,152.0
1816_15j_10m,146.0,1803.455372095108,146.0
1817_15j_10m,148.0,1803.5808742046356,148.0
1818_15j_10m,142.0,1803.576090335846,142.0
0928_20j_10m,196.0,1804.320463180542,196.0
0929_20j_10m,192.0,1804.9845790863037,192.0
0931_20j_10m,188.0,1804.537629365921,188.0
0932_20j_10m,200.0,1805.1381900310516,200.0
0933_20j_10m,188.0,1804.5909280776978,188.0
0935_20j_10m,174.0,1805.196614742279,174.0
0936_20j_10m,188.0,1804.8936784267426,188.0
0937_20j_10m,186.0,1804.973484992981,186.0
0938_20j_10m,179.0,1804.6933643817902,179.0
0940_20j_10m,186.0,1804.5090909004211,186.0
0941_20j_10m,194.0,1805.1675543785095,194.0
0942_20j_10m,204.0,1805.6201469898224,204.0
0944_20j_10m,185.0,1805.119726896286,185.0
0945_20j_10m,197.0,1805.00453042984,197.0
0946_20j_10m,181.0,1805.185539484024,181.0
0948_20j_10m,192.0,1805.1087667942047,192.0
0949_20j_10m,196.0,1804.8342473506927,196.0
0950_20j_10m,207.0,1805.1706817150116,207.0
0951_20j_10m,197.0,1804.9900498390198,197.0
0953_20j_10m,196.0,1804.8651349544525,196.0
0954_20j_10m,180.0,1804.9123058319092,180.0
0955_20j_10m,202.0,1805.0975489616394,202.0
0957_20j_10m,199.0,1804.7945330142975,199.0
0958_20j_10m,193.0,1804.7871935367584,193.0
0959_20j_10m,197.0,1804.7214300632477,197.0
1001_20j_10m,194.0,1804.9352843761444,194.0
1002_20j_10m,193.0,1805.3261361122131,193.0
1003_20j_10m,197.0,1804.6125254631042,197.0
1005_20j_10m,180.0,1804.8145666122437,180.0
1006_20j_10m,194.0,1804.8340215682983,194.0
1007_20j_10m,202.0,1804.6594274044037,202.0
1009_20j_10m,196.0,1805.138612985611,196.0
1010_20j_10m,195.0,1804.781816482544,195.0
1011_20j_10m,197.0,1804.4086754322052,197.0
1013_20j_10m,194.0,1804.595817565918,194.0
1014_20j_10m,194.0,1804.5049080848694,194.0
1015_20j_10m,201.0,1805.6364347934723,201.0
1016_20j_10m,202.0,1804.9425213336945,202.0
1018_20j_10m,178.0,1805.041065454483,178.0
1019_20j_10m,204.0,1804.8979420661926,204.0
1021_20j_10m,176.0,1805.1203618049622,176.0
1022_20j_10m,182.0,1804.4670386314392,182.0
1023_20j_10m,196.0,1804.296860218048,196.0
1025_20j_10m,191.0,1804.577092409134,191.0
1026_20j_10m,189.0,1804.585197210312,189.0
1027_20j_10m,180.0,1804.677592754364,180.0
1029_20j_10m,191.0,1804.7709157466888,191.0
1030_20j_10m,193.0,1804.5749490261078,193.0
1031_20j_10m,190.0,1804.5604860782623,190.0
1032_20j_10m,178.0,1804.7008130550385,178.0
1034_20j_10m,234.0,1805.112295627594,234.0
1035_20j_10m,192.0,1805.5843534469604,192.0
1036_20j_10m,209.0,1805.6939942836761,209.0
1038_20j_10m,204.0,1805.8101212978363,204.0
1039_20j_10m,209.0,1805.387755870819,209.0
1040_20j_10m,200.0,1805.6473121643066,200.0
1042_20j_10m,202.0,1805.2131350040436,202.0
1043_20j_10m,215.0,1805.9516353607178,215.0
1044_20j_10m,230.0,1805.6773767471313,230.0
1046_20j_10m,208.0,1805.2020998001099,208.0
1047_20j_10m,202.0,1805.5079891681671,202.0
1048_20j_10m,198.0,1805.170575618744,198.0
1050_20j_10m,186.0,1804.5869071483612,186.0
1051_20j_10m,204.0,1804.5649180412292,204.0
1052_20j_10m,203.0,1804.9427998065948,203.0
1054_20j_10m,196.0,1804.768580198288,196.0
1055_20j_10m,191.0,1804.51824092865,191.0
1056_20j_10m,192.0,1804.454558134079,192.0
1057_20j_10m,191.0,1804.8974854946136,191.0
1059_20j_10m,199.0,1804.9202198982239,199.0
1100_20j_10m,181.0,1804.8493638038635,181.0
1101_20j_10m,208.0,1804.678498506546,208.0
1103_20j_10m,199.0,1805.219392299652,199.0
1104_20j_10m,201.0,1804.720373392105,201.0
1105_20j_10m,193.0,1804.6957800388336,193.0
1107_20j_10m,212.0,1804.9398245811462,212.0
1108_20j_10m,186.0,1804.8631670475006,186.0
1109_20j_10m,205.0,1805.0752334594727,205.0
1111_20j_10m,180.0,1805.2264752388,180.0
1112_20j_10m,198.0,1804.7340388298035,198.0
1113_20j_10m,190.0,1804.849054813385,190.0
1115_20j_10m,188.0,1804.830864906311,188.0
1116_20j_10m,187.0,1804.7079298496246,187.0
1117_20j_10m,193.0,1805.008430480957,193.0
1118_20j_10m,206.0,1805.1931569576263,206.0
1120_20j_10m,198.0,1805.6098144054413,198.0
1121_20j_10m,201.0,1804.838928937912,201.0
1122_20j_10m,194.0,1805.3779919147491,194.0
1124_20j_10m,204.0,1805.1252949237823,204.0
1125_20j_10m,203.0,1804.7111971378326,203.0
1126_20j_10m,208.0,1805.0499031543732,208.0
1128_20j_10m,204.0,1804.6884772777557,204.0
1129_20j_10m,206.0,1804.8570804595947,206.0
1130_20j_10m,196.0,1804.7789723873138,196.0
1132_20j_10m,189.0,1804.9160063266754,189.0
1133_20j_10m,205.0,1805.1189169883728,205.0
1134_20j_10m,201.0,1805.249296426773,201.0
1135_20j_10m,200.0,1805.145105600357,200.0
1137_20j_10m,218.0,1805.1055822372437,218.0
1138_20j_10m,195.0,1805.251963376999,195.0
3523_20j_5m,211.0,1800.603155374527,211.0
3524_20j_5m,185.0,1800.7340381145477,185.0
3525_20j_5m,214.0,1800.744778394699,214.0
3526_20j_5m,179.0,1800.7244873046875,179.0
3527_20j_5m,206.0,1800.7851917743683,206.0
3529_20j_5m,202.0,1800.7690196037292,202.0
3530_20j_5m,210.0,1800.7800884246826,210.0
3531_20j_5m,204.0,1800.7254385948181,204.0
3532_20j_5m,219.0,1800.6493661403656,219.0
3533_20j_5m,192.0,1800.6362934112549,192.0
3534_20j_5m,198.0,1800.5707743167877,198.0
3536_20j_5m,191.0,1800.5853650569916,191.0
3537_20j_5m,175.0,1800.6003754138947,175.0
3538_20j_5m,177.0,1800.6059939861298,177.0
3539_20j_5m,173.0,1800.6043066978455,173.0
3540_20j_5m,175.0,1800.6109738349915,175.0
3542_20j_5m,194.0,1800.6532573699951,194.0
3543_20j_5m,166.0,1800.6284584999084,166.0
3544_20j_5m,180.0,1800.5790355205536,180.0
3545_20j_5m,172.0,1800.5990343093872,172.0
3546_20j_5m,200.0,1800.694261789322,200.0
3547_20j_5m,172.0,1800.641126871109,172.0
3549_20j_5m,197.0,1800.7486684322357,197.0
3550_20j_5m,193.0,1800.6557369232178,193.0
3551_20j_5m,198.0,1800.6815621852875,198.0
3552_20j_5m,159.0,1800.723005771637,159.0
3553_20j_5m,204.0,1800.7627038955688,204.0
3555_20j_5m,183.0,1800.687245607376,183.0
3556_20j_5m,189.0,1800.7291088104248,189.0
3557_20j_5m,198.0,1800.6925873756409,198.0
3558_20j_5m,210.0,1800.6887629032135,210.0
3559_20j_5m,207.0,1800.7663025856018,207.0
3601_20j_5m,197.0,1800.6121261119843,197.0
3602_20j_5m,197.0,1800.7241814136505,197.0
3603_20j_5m,209.0,1800.6926164627075,209.0
3604_20j_5m,183.0,1800.75488448143,183.0
3605_20j_5m,199.0,1800.7594194412231,199.0
3606_20j_5m,201.0,1800.7236440181732,201.0
3608_20j_5m,202.0,1800.7288229465485,202.0
3609_20j_5m,182.0,1800.8002090454102,182.0
3610_20j_5m,173.0,1800.565898180008,173.0
3611_20j_5m,186.0,1800.568911075592,186.0
3612_20j_5m,181.0,1800.505620956421,181.0
3614_20j_5m,189.0,1800.6038160324097,189.0
3615_20j_5m,158.0,1800.6371276378632,158.0
3616_20j_5m,160.0,1800.57524228096,160.0
3617_20j_5m,167.0,1800.585042476654,167.0
3618_20j_5m,195.0,1800.6562714576721,195.0
3619_20j_5m,162.0,1800.7307987213135,162.0
3621_20j_5m,170.0,1800.5905845165253,170.0
3622_20j_5m,206.0,1800.6459896564484,206.0
3623_20j_5m,207.0,1800.6328933238983,207.0
3624_20j_5m,182.0,1800.681788444519,182.0
3625_20j_5m,185.0,1800.635095357895,185.0
3627_20j_5m,180.0,1800.6642611026764,180.0
3628_20j_5m,216.0,1800.6523265838623,216.0
3629_20j_5m,186.0,1800.597424030304,186.0
3630_20j_5m,182.0,1800.6832048892975,182.0
3631_20j_5m,190.0,1800.6223697662354,190.0
3633_20j_5m,186.0,1800.7091410160065,186.0
3634_20j_5m,176.0,1800.6325142383575,176.0
3635_20j_5m,175.0,1800.7484724521637,175.0
3636_20j_5m,172.0,1800.661640405655,172.0
3637_20j_5m,194.0,1800.6137368679047,194.0
3638_20j_5m,186.0,1800.595132112503,186.0
3640_20j_5m,178.0,1800.6684248447418,178.0
3641_20j_5m,179.0,1800.6224508285522,179.0
3642_20j_5m,187.0,1800.6138682365417,187.0
3643_20j_5m,160.0,1800.6644384860992,160.0
3644_20j_5m,169.0,1800.61310172081,169.0
3645_20j_5m,190.0,1800.6810364723206,190.0
3647_20j_5m,171.0,1800.6638102531433,171.0
3648_20j_5m,189.0,1800.7813329696655,189.0
3649_20j_5m,198.0,1800.71617770195,198.0
3650_20j_5m,210.0,1800.744758605957,210.0
3651_20j_5m,183.0,1800.640230178833,183.0
3653_20j_5m,177.0,1800.6847641468048,177.0
3654_20j_5m,204.0,1800.649721622467,204.0
3655_20j_5m,203.0,1800.6500399112701,203.0
3656_20j_5m,185.0,1800.6864240169525,185.0
3657_20j_5m,183.0,1800.7981925010681,183.0
3658_20j_5m,195.0,1800.6766347885132,195.0
3700_20j_5m,210.0,1800.7588784694672,210.0
3701_20j_5m,189.0,1800.7361805438995,189.0
3702_20j_5m,188.0,1800.7398626804352,188.0
3703_20j_5m,201.0,1800.6822731494904,201.0
3704_20j_5m,189.0,1800.7244837284088,189.0
3706_20j_5m,206.0,1800.6797506809235,206.0
3707_20j_5m,202.0,1800.6611499786377,202.0
3708_20j_5m,179.0,1800.6027073860168,179.0
3709_20j_5m,189.0,1800.5394101142883,189.0
3710_20j_5m,169.0,1800.6347601413727,169.0
3711_20j_5m,182.0,1800.6067552566528,182.0
3713_20j_5m,171.0,1800.5799715518951,171.0
3714_20j_5m,188.0,1800.6129648685455,188.0
3715_20j_5m,179.0,1800.5839002132416,179.0
3716_20j_5m,183.0,1800.6058905124664,183.0
3717_20j_5m,192.0,1800.6075146198273,192.0
3718_20j_5m,192.0,1800.554946899414,192.0
3720_20j_5m,178.0,1800.6028168201447,178.0
3731_30j_10m,257.0,1027.2635793685913,257.0
3733_30j_10m,296.0,1800.3719081878662,296.0
3734_30j_10m,271.0,131.73028373718262,271.0
3735_30j_10m,281.0,1800.2919120788574,281.0
3737_30j_10m,293.0,1800.3399937152863,293.0
3738_30j_10m,277.0,1800.2758045196533,277.0
3740_30j_10m,267.0,1800.3452191352844,267.0
3741_30j_10m,265.0,1800.242555141449,265.0
3742_30j_10m,271.0,1800.246985912323,271.0
3744_30j_10m,264.0,1800.2394223213196,264.0
3745_30j_10m,274.0,1800.260846376419,274.0
3747_30j_10m,292.0,1800.2893149852753,292.0
3748_30j_10m,261.0,1800.2648530006409,261.0
3749_30j_10m,294.0,1800.34481716156,294.0
3751_30j_10m,281.0,1800.3588075637817,281.0
3752_30j_10m,281.0,1800.2711610794067,281.0
3754_30j_10m,285.0,1800.2377059459686,285.0
3755_30j_10m,262.0,1800.2926914691925,262.0
3756_30j_10m,283.0,1800.3489661216736,283.0
3758_30j_10m,282.0,1800.3525576591492,282.0
3759_30j_10m,274.0,1800.2756125926971,274.0
3801_30j_10m,254.0,1800.233966588974,254.0
3802_30j_10m,265.0,1800.2165224552155,265.0
3803_30j_10m,270.0,1800.262687921524,270.0
3805_30j_10m,264.0,1800.2586498260498,264.0
3806_30j_10m,267.0,1800.300432920456,267.0
3808_30j_10m,254.0,1515.9291021823883,254.0
3809_30j_10m,259.0,1800.272620677948,259.0
3810_30j_10m,262.0,1800.2314672470093,262.0
3812_30j_10m,263.0,1800.247986793518,263.0
3813_30j_10m,282.0,1800.2827851772308,282.0
3814_30j_10m,287.0,1800.26260972023,287.0
3816_30j_10m,296.0,1800.3292105197906,296.0
3817_30j_10m,282.0,1800.402895450592,282.0
3819_30j_10m,290.0,1800.2783586978912,290.0
3820_30j_10m,290.0,1800.2530682086945,290.0
3822_30j_10m,303.0,1800.29842543602,303.0
3823_30j_10m,297.0,1800.305193901062,297.0
3824_30j_10m,281.0,1800.288141489029,281.0
3826_30j_10m,281.0,1800.3158440589905,281.0
3827_30j_10m,272.0,1800.2909331321716,272.0
3829_30j_10m,258.0,1800.3040823936462,258.0
3830_30j_10m,273.0,1800.3370378017426,273.0
3831_30j_10m,258.0,1800.2657058238983,258.0
3833_30j_10m,274.0,1800.4081342220306,274.0
3834_30j_10m,266.0,1800.308159828186,266.0
3836_30j_10m,284.0,1800.3529114723206,284.0
3837_30j_10m,271.0,1800.2748675346375,271.0
3838_30j_10m,271.0,1800.3434691429138,271.0
3840_30j_10m,274.0,1800.2577679157257,274.0
3841_30j_10m,267.0,1800.2858505249023,267.0
3843_30j_10m,265.0,1800.222913980484,265.0
3844_30j_10m,282.0,1800.3144967556,282.0
3845_30j_10m,253.0,1800.2681665420532,253.0
3847_30j_10m,270.0,1800.265507698059,270.0
3848_30j_10m,268.0,1720.8031623363495,268.0
3850_30j_10m,276.0,1800.289205789566,276.0
3851_30j_10m,253.0,1800.2259242534637,253.0
3852_30j_10m,260.0,1800.2500908374786,260.0
3854_30j_10m,260.0,1800.279991388321,260.0
3855_30j_10m,271.0,1800.240350484848,271.0
3856_30j_10m,264.0,1800.2600870132446,264.0
3858_30j_10m,274.0,1800.224452972412,274.0
3859_30j_10m,270.0,1800.2366917133331,270.0
3901_30j_10m,269.0,1800.2404668331146,269.0
3902_30j_10m,243.0,1800.2587451934814,243.0
3903_30j_10m,270.0,1799.7285799980164,270.0
3905_30j_10m,273.0,1800.2573244571686,273.0
3906_30j_10m,272.0,1800.2163755893707,272.0
3908_30j_10m,273.0,1800.2410209178925,273.0
3909_30j_10m,287.0,1800.259887933731,287.0
3911_30j_10m,275.0,1800.2404997348785,275.0
3912_30j_10m,290.0,1800.2906458377838,290.0
3913_30j_10m,283.0,1800.2978196144104,283.0
3915_30j_10m,280.0,1800.3161149024963,280.0
3916_30j_10m,281.0,1800.2774958610535,281.0
3918_30j_10m,269.0,1800.2888906002045,269.0
3919_30j_10m,290.0,1800.264327287674,290.0
3920_30j_10m,271.0,1800.2894763946533,271.0
3922_30j_10m,285.0,1800.2897744178772,285.0
3923_30j_10m,270.0,1800.3055455684662,270.0
3925_30j_10m,285.0,1800.2903244495392,285.0
3926_30j_10m,292.0,1800.3016645908356,292.0
3927_30j_10m,298.0,1800.3436214923859,298.0
3929_30j_10m,278.0,1800.3015534877777,278.0
3930_30j_10m,282.0,1800.298577785492,282.0
3932_30j_10m,292.0,1799.8636062145233,292.0
3933_30j_10m,290.0,1800.2949314117432,290.0
3934_30j_10m,275.0,1800.2919385433197,275.0
3936_30j_10m,281.0,1800.2985727787018,281.0
3937_30j_10m,267.0,1800.2470428943634,267.0
3939_30j_10m,279.0,1800.252998828888,279.0
3940_30j_10m,249.0,1800.276790857315,249.0
3941_30j_10m,260.0,1800.2213826179504,260.0
3943_30j_10m,266.0,1800.3594162464142,266.0
3944_30j_10m,284.0,1800.2481744289398,284.0
3946_30j_10m,282.0,1800.3092851638794,282.0
3947_30j_10m,279.0,1800.2395379543304,279.0
3948_30j_10m,270.0,1800.2484831809998,270.0
3950_30j_10m,285.0,1800.2662920951843,285.0
5056_40j_10m,369.0,1800.4626133441925,369.0
5058_40j_10m,370.0,1800.5080018043518,370.0
5059_40j_10m,353.0,1800.4793257713318,353.0
5101_40j_10m,367.0,1800.50310921669,367.0
5102_40j_10m,366.0,1800.4826548099518,366.0
5103_40j_10m,362.0,1800.3595187664032,362.0
5105_40j_10m,374.0,1800.4833626747131,374.0
5106_40j_10m,393.0,1800.4880447387695,393.0
5107_40j_10m,363.0,1800.4834065437317,363.0
5109_40j_10m,352.0,1800.4753022193909,352.0
5110_40j_10m,362.0,1800.4362394809723,362.0
5111_40j_10m,371.0,1800.519672870636,371.0
5113_40j_10m,370.0,1800.474686384201,370.0
5114_40j_10m,356.0,1800.4759006500244,356.0
5115_40j_10m,368.0,1800.48646402359,368.0
5117_40j_10m,369.0,1800.497531414032,369.0
5118_40j_10m,352.0,1800.4766674041748,352.0
5120_40j_10m,359.0,1800.4529266357422,359.0
5121_40j_10m,362.0,1800.4774470329285,362.0
5122_40j_10m,352.0,1082.1963863372803,352.0
5124_40j_10m,336.0,1800.5070774555206,336.0
5125_40j_10m,350.0,1800.4684844017029,350.0
5126_40j_10m,360.0,1800.4776620864868,360.0
5128_40j_10m,362.0,1047.926020860672,362.0
5129_40j_10m,375.0,1800.4663846492767,375.0
5130_40j_10m,358.0,1800.462334394455,358.0
5132_40j_10m,359.0,1800.4553644657135,359.0
5133_40j_10m,348.0,1800.4488325119019,348.0
5135_40j_10m,356.0,1800.4457387924194,356.0
5136_40j_10m,391.0,1800.4432470798492,391.0
5137_40j_10m,360.0,1800.4739997386932,360.0
5139_40j_10m,372.0,1800.470641374588,372.0
5140_40j_10m,362.0,1800.4463198184967,362.0
5141_40j_10m,376.0,1800.4910423755646,376.0
5143_40j_10m,368.0,1800.4886202812195,368.0
5144_40j_10m,373.0,1800.4540503025055,373.0
5145_40j_10m,388.0,1800.4475634098053,388.0
5147_40j_10m,379.0,1800.4616129398346,379.0
5148_40j_10m,368.0,1800.4767422676086,368.0
5150_40j_10m,369.0,1800.470398426056,369.0
5151_40j_10m,357.0,1800.4733211994171,357.0
5152_40j_10m,380.0,126.27920937538147,380.0
5154_40j_10m,348.0,1800.49778175354,348.0
5155_40j_10m,390.0,1800.5345258712769,390.0
5156_40j_10m,359.0,1800.6360461711884,359.0
5158_40j_10m,364.0,1800.5986919403076,364.0
5159_40j_10m,363.0,1800.3231773376465,363.0
5200_40j_10m,351.0,1800.4714727401733,351.0
5202_40j_10m,361.0,1800.5148367881775,361.0
5203_40j_10m,350.0,1800.1875522136688,350.0
5204_40j_10m,374.0,1800.5299279689789,374.0
5206_40j_10m,398.0,1800.4746680259705,398.0
5207_40j_10m,385.0,1800.4538667201996,385.0
5208_40j_10m,366.0,1800.3919627666473,366.0
5210_40j_10m,386.0,1800.3663520812988,386.0
5211_40j_10m,388.0,1800.335480928421,388.0
5213_40j_10m,395.0,1800.3707928657532,395.0
5214_40j_10m,377.0,1800.4425256252289,377.0
5215_40j_10m,375.0,1800.0341556072235,375.0
5217_40j_10m,378.0,1800.3572509288788,378.0
5218_40j_10m,375.0,1800.425722360611,375.0
5219_40j_10m,372.0,1800.308987379074,372.0
5221_40j_10m,385.0,1800.4408495426178,385.0
5222_40j_10m,362.0,1800.4084196090698,362.0
5223_40j_10m,378.0,1800.415382385254,378.0
5225_40j_10m,372.0,1800.3907718658447,372.0
5226_40j_10m,381.0,1800.3634564876556,381.0
5227_40j_10m,377.0,1800.436039686203,377.0
5229_40j_10m,374.0,1800.490407705307,374.0
5230_40j_10m,371.0,1800.4743332862854,371.0
5232_40j_10m,368.0,1800.4383974075317,368.0
5233_40j_10m,368.0,1800.3310549259186,368.0
5234_40j_10m,354.0,1800.4001488685608,354.0
5236_40j_10m,363.0,1800.4642412662506,363.0
5237_40j_10m,370.0,1800.4478085041046,370.0
5238_40j_10m,367.0,1800.4050123691559,367.0
5240_40j_10m,362.0,1800.4469785690308,362.0
5241_40j_10m,355.0,1800.5037729740143,355.0
5242_40j_10m,358.0,1800.2804772853851,358.0
5244_40j_10m,353.0,1800.4296581745148,353.0
5245_40j_10m,374.0,1800.4294018745422,374.0
5246_40j_10m,349.0,1800.44016122818,349.0
5248_40j_10m,339.0,1800.3656322956085,339.0
5249_40j_10m,354.0,1800.4315867424011,354.0
5250_40j_10m,369.0,1800.456161737442,369.0
5252_40j_10m,354.0,1800.3950448036194,354.0
5253_40j_10m,349.0,1800.338624238968,349.0
5254_40j_10m,362.0,1800.4664242267609,362.0
5256_40j_10m,367.0,1800.4545884132385,367.0
5257_40j_10m,372.0,1800.2170538902283,372.0
5258_40j_10m,365.0,1800.2763471603394,365.0
5300_40j_10m,342.0,1800.4638893604279,342.0
5301_40j_10m,375.0,1800.346601009369,375.0
5303_40j_10m,374.0,1800.3007385730743,374.0
5304_40j_10m,359.0,1800.3871269226074,359.0
5305_40j_10m,359.0,1800.4657368659973,359.0
5307_40j_10m,361.0,1800.4764533042908,361.0
5308_40j_10m,343.0,1800.4677901268005,343.0
5309_40j_10m,350.0,1800.3840718269348,350.0
5311_40j_10m,369.0,1800.4663679599762,369.0
10x5+mix_001,388.0,220.0854570865631,388.0
10x5+mix_002,284.0,21.081698417663574,284.0
10x5+mix_003,289.0,64.26160001754761,289.0
10x5+mix_004,305.0,493.04931020736694,305.0
10x5+mix_005,366.0,530.8738050460815,366.0
10x5+mix_006,336.0,5.920404672622681,336.0
10x5+mix_007,328.0,50.96877861022949,328.0
10x5+mix_008,368.0,6.740569591522217,368.0
10x5+mix_009,346.0,166.27784180641174,346.0
10x5+mix_010,354.0,14.231672286987305,354.0
10x5+mix_011,314.0,63.71680402755737,314.0
10x5+mix_012,465.0,2.1972951889038086,465.0
10x5+mix_013,396.0,67.75037550926208,396.0
10x5+mix_014,350.0,31.151394844055176,350.0
10x5+mix_015,266.0,23.04221224784851,266.0
10x5+mix_016,336.0,28.886752128601074,336.0
10x5+mix_017,335.0,1800.5386774539948,335.0
10x5+mix_018,249.0,54.47237277030945,249.0
10x5+mix_019,287.0,102.88968014717102,287.0
10x5+mix_020,344.0,657.6388261318207,344.0
10x5+mix_021,276.0,34.61357593536377,276.0
10x5+mix_022,286.0,36.18539071083069,286.0
10x5+mix_023,368.0,8.37172555923462,368.0
10x5+mix_024,334.0,195.6569128036499,334.0
10x5+mix_025,362.0,31.23008918762207,362.0
10x5+mix_026,297.0,121.00963878631592,297.0
10x5+mix_027,323.0,14.636476516723633,323.0
10x5+mix_028,342.0,1042.390017747879,342.0
10x5+mix_029,306.0,124.93909096717834,306.0
10x5+mix_030,277.0,287.82524061203003,277.0
10x5+mix_031,259.0,1722.2429194450378,259.0
10x5+mix_032,383.0,3.4529097080230713,383.0
10x5+mix_033,346.0,255.40875887870789,346.0
10x5+mix_034,316.0,12.77382493019104,316.0
10x5+mix_035,354.0,2.5926215648651123,354.0
10x5+mix_036,325.0,5.062066078186035,325.0
10x5+mix_037,323.0,23.07883381843567,323.0
10x5+mix_038,367.0,71.59709143638611,367.0
10x5+mix_039,352.0,2.453519582748413,352.0
10x5+mix_040,294.0,119.19596767425537,294.0
10x5+mix_041,336.0,36.85040068626404,336.0
10x5+mix_042,288.0,14.47888994216919,288.0
10x5+mix_043,352.0,210.424156665802,352.0
10x5+mix_044,402.0,204.34474968910217,402.0
10x5+mix_045,337.0,76.75005555152893,337.0
10x5+mix_046,292.0,27.28339195251465,292.0
10x5+mix_047,369.0,14.099447965621948,369.0
10x5+mix_048,413.0,1.7084908485412598,413.0
10x5+mix_049,357.0,7.902008056640625,357.0
10x5+mix_050,331.0,199.168927192688,331.0
10x5+mix_051,362.0,8.320635080337524,362.0
10x5+mix_052,415.0,0.6695168018341064,415.0
10x5+mix_053,330.0,46.78329801559448,330.0
10x5+mix_054,291.0,40.84342622756958,291.0
10x5+mix_055,236.0,18.06246852874756,236.0
10x5+mix_056,295.0,48.055346727371216,295.0
10x5+mix_057,415.0,14.929343938827515,415.0
10x5+mix_058,246.0,15.194312810897827,246.0
10x5+mix_059,266.0,141.5665180683136,266.0
10x5+mix_060,283.0,19.653905391693115,283.0
10x5+mix_061,279.0,15.28835678100586,279.0
10x5+mix_062,392.0,7.464616775512695,392.0
10x5+mix_063,306.0,4.9832727909088135,306.0
10x5+mix_064,292.0,4.923387050628662,292.0
10x5+mix_065,316.0,1800.247498035431,316.0
10x5+mix_066,270.0,621.9385461807251,270.0
10x5+mix_067,328.0,8.433164596557617,328.0
10x5+mix_068,342.0,2.9728596210479736,342.0
10x5+mix_069,253.0,76.05336618423462,253.0
10x5+mix_070,358.0,33.111342906951904,358.0
10x5+mix_071,354.0,1800.2353303432465,354.0
10x5+mix_072,282.0,11.964288234710693,282.0
10x5+mix_073,306.0,51.901294469833374,306.0
10x5+mix_074,289.0,4.442507266998291,289.0
10x5+mix_075,357.0,1800.217939376831,357.0
10x5+mix_076,347.0,3.173992872238159,347.0
10x5+mix_077,332.0,99.48591709136963,332.0
10x5+mix_078,295.0,161.8779797554016,295.0
10x5+mix_079,345.0,298.5175950527191,345.0
10x5+mix_080,322.0,435.872891664505,322.0
10x5+mix_081,283.0,174.2301206588745,283.0
10x5+mix_082,332.0,11.031946659088135,332.0
10x5+mix_083,349.0,2.246849298477173,349.0
10x5+mix_084,316.0,71.32417750358582,316.0
10x5+mix_085,363.0,18.998783349990845,363.0
10x5+mix_086,348.0,11.74366807937622,348.0
10x5+mix_087,351.0,319.4650421142578,351.0
10x5+mix_088,348.0,1.4040961265563965,348.0
10x5+mix_089,342.0,148.81678342819214,342.0
10x5+mix_090,308.0,1291.4335689544678,308.0
10x5+mix_091,309.0,65.05253982543945,309.0
10x5+mix_092,272.0,37.027135372161865,272.0
10x5+mix_093,302.0,15.317475080490112,302.0
10x5+mix_094,316.0,6.621625185012817,316.0
10x5+mix_095,348.0,8.941732406616211,348.0
10x5+mix_096,333.0,733.5713939666748,333.0
10x5+mix_097,259.0,278.01700711250305,259.0
10x5+mix_098,320.0,4.333420515060425,320.0
10x5+mix_099,311.0,5.9946112632751465,311.0
10x5+mix_100,337.0,157.77575397491455,337.0
15x10+mix_001,358.0,1803.0647661685944,358.0
15x10+mix_002,349.0,1802.7530670166016,349.0
15x10+mix_003,351.0,796.0344774723053,351.0
15x10+mix_004,355.0,1357.0987613201141,355.0
15x10+mix_005,394.0,689.0705547332764,394.0
15x10+mix_006,431.0,1802.9583373069763,431.0
15x10+mix_007,377.0,335.9936773777008,377.0
15x10+mix_008,374.0,1802.9456462860107,374.0
15x10+mix_009,365.0,1802.7485733032227,365.0
15x10+mix_010,358.0,1802.7387704849243,358.0
15x10+mix_011,481.0,35.470481395721436,481.0
15x10+mix_012,394.0,1802.853971004486,394.0
15x10+mix_013,382.0,1802.7150428295135,382.0
15x10+mix_014,375.0,1802.650894165039,375.0
15x10+mix_015,356.0,1803.0089411735535,356.0
15x10+mix_016,419.0,1802.9457812309265,419.0
15x10+mix_017,381.0,1802.7624082565308,381.0
15x10+mix_018,355.0,125.11625099182129,355.0
15x10+mix_019,384.0,1497.1491675376892,384.0
15x10+mix_020,385.0,1803.352079629898,385.0
15x10+mix_021,378.0,1803.1329472064972,378.0
15x10+mix_022,382.0,238.20863008499146,382.0
15x10+mix_023,423.0,1802.9537327289581,423.0
15x10+mix_024,394.0,1802.9728646278381,394.0
15x10+mix_025,397.0,1802.8844532966614,397.0
15x10+mix_026,378.0,1803.1388432979584,378.0
15x10+mix_027,313.0,1802.8645033836365,313.0
15x10+mix_028,379.0,1802.5103769302368,379.0
15x10+mix_029,466.0,29.101516485214233,466.0
15x10+mix_030,366.0,1802.7406132221222,366.0
15x10+mix_031,344.0,1802.7795572280884,344.0
15x10+mix_032,448.0,1802.8118982315063,448.0
15x10+mix_033,343.0,1803.4862146377563,343.0
15x10+mix_034,401.0,1803.4143018722534,401.0
15x10+mix_035,362.0,1802.965791940689,362.0
15x10+mix_036,346.0,1802.7252702713013,346.0
15x10+mix_037,363.0,1802.813934803009,363.0
15x10+mix_038,390.0,1802.9213199615479,390.0
15x10+mix_039,406.0,1802.7566876411438,406.0
15x10+mix_040,360.0,1802.8147914409637,360.0
15x10+mix_041,384.0,280.7404363155365,384.0
15x10+mix_042,341.0,1802.7290577888489,341.0
15x10+mix_043,395.0,1802.814436674118,395.0
15x10+mix_044,384.0,1802.9595942497253,384.0
15x10+mix_045,370.0,1802.645544052124,370.0
15x10+mix_046,344.0,280.277037858963,344.0
15x10+mix_047,361.0,377.4756941795349,361.0
15x10+mix_048,365.0,1803.0272552967072,365.0
15x10+mix_049,378.0,1802.6810970306396,378.0
15x10+mix_050,412.0,1802.9966526031494,412.0
15x10+mix_051,305.0,1802.9701564311981,305.0
15x10+mix_052,338.0,1803.219942331314,338.0
15x10+mix_053,352.0,1802.803010225296,352.0
15x10+mix_054,357.0,1803.2247307300568,357.0
15x10+mix_055,364.0,1802.9784078598022,364.0
15x10+mix_056,338.0,1802.8972661495209,338.0
15x10+mix_057,392.0,1197.7936334609985,392.0
15x10+mix_058,379.0,1365.435199022293,379.0
15x10+mix_059,382.0,47.09381556510925,382.0
15x10+mix_060,439.0,70.43496656417847,439.0
15x10+mix_061,401.0,538.832991361618,401.0
15x10+mix_062,351.0,1802.649225950241,351.0
15x10+mix_063,372.0,1803.177437543869,372.0
15x10+mix_064,376.0,401.88826417922974,376.0
15x10+mix_065,330.0,1803.1612887382507,330.0
15x10+mix_066,366.0,1802.9988915920258,366.0
15x10+mix_067,369.0,1803.300443649292,369.0
15x10+mix_068,375.0,69.59385013580322,375.0
15x10+mix_069,412.0,1360.9474346637726,412.0
15x10+mix_070,331.0,1803.1495254039764,331.0
15x10+mix_071,361.0,1803.2524127960205,361.0
15x10+mix_072,350.0,1803.4715490341187,350.0
15x10+mix_073,339.0,1802.993327140808,339.0
15x10+mix_074,422.0,1803.2571816444397,422.0
15x10+mix_075,382.0,36.8461434841156,382.0
15x10+mix_076,388.0,1802.9685506820679,388.0
15x10+mix_077,459.0,68.72034502029419,459.0
15x10+mix_078,396.0,1803.0449049472809,396.0
15x10+mix_079,360.0,1803.019686460495,360.0
15x10+mix_080,452.0,929.4472508430481,452.0
15x10+mix_081,360.0,747.1201961040497,360.0
15x10+mix_082,323.0,1803.0943100452423,323.0
15x10+mix_083,370.0,1803.2497158050537,370.0
15x10+mix_084,374.0,1802.9346795082092,374.0
15x10+mix_085,419.0,1802.9617245197296,419.0
15x10+mix_086,342.0,1803.0147902965546,342.0
15x10+mix_087,346.0,1802.895702123642,346.0
15x10+mix_088,331.0,1802.839200258255,331.0
15x10+mix_089,370.0,1802.7689046859741,370.0
15x10+mix_090,458.0,44.14338493347168,458.0
15x10+mix_091,342.0,1803.0097379684448,342.0
15x10+mix_092,405.0,1802.9708542823792,405.0
15x10+mix_093,407.0,644.2945189476013,407.0
15x10+mix_094,334.0,1803.061598777771,334.0
15x10+mix_095,363.0,477.114533662796,363.0
15x10+mix_096,406.0,1802.8797907829285,406.0
15x10+mix_097,384.0,1158.1423256397247,384.0
15x10+mix_098,381.0,1802.7478249073029,381.0
15x10+mix_099,359.0,1802.9632983207703,359.0
15x10+mix_100,408.0,1802.6962585449219,408.0
20x10+mix_001,490.0,1806.302984237671,490.0
20x10+mix_002,524.0,1805.0977227687836,524.0
20x10+mix_003,389.0,1805.5330622196198,389.0
20x10+mix_004,423.0,1805.9926521778107,423.0
20x10+mix_005,464.0,1805.111278295517,464.0
20x10+mix_006,494.0,1805.3043069839478,494.0
20x10+mix_007,469.0,1804.9943389892578,469.0
20x10+mix_008,437.0,1805.6173627376556,437.0
20x10+mix_009,436.0,1805.0972883701324,436.0
20x10+mix_010,457.0,1805.675880908966,457.0
20x10+mix_011,461.0,1805.3317708969116,461.0
20x10+mix_012,502.0,1805.109243631363,502.0
20x10+mix_013,517.0,1805.4936156272888,517.0
20x10+mix_014,456.0,342.23973393440247,456.0
20x10+mix_015,419.0,1805.0269393920898,419.0
20x10+mix_016,486.0,1804.7444865703583,486.0
20x10+mix_017,484.0,1804.8255786895752,484.0
20x10+mix_018,455.0,1805.4177520275116,455.0
20x10+mix_019,522.0,1805.3205502033234,522.0
20x10+mix_020,459.0,1805.0943303108215,459.0
20x10+mix_021,419.0,1805.3174846172333,419.0
20x10+mix_022,496.0,1805.3695764541626,496.0
20x10+mix_023,461.0,1805.2103164196014,461.0
20x10+mix_024,434.0,1804.9815301895142,434.0
20x10+mix_025,463.0,1804.7869684696198,463.0
20x10+mix_026,522.0,1805.2264692783356,522.0
20x10+mix_027,511.0,1804.5428709983826,511.0
20x10+mix_028,464.0,1804.825593471527,464.0
20x10+mix_029,435.0,1805.0158705711365,435.0
20x10+mix_030,437.0,1804.9741616249084,437.0
20x10+mix_031,484.0,1804.935506105423,484.0
20x10+mix_032,470.0,1804.9966216087341,470.0
20x10+mix_033,484.0,1805.1619699001312,484.0
20x10+mix_034,438.0,1804.8057577610016,438.0
20x10+mix_035,515.0,1805.099841594696,515.0
20x10+mix_036,453.0,1805.2850489616394,453.0
20x10+mix_037,481.0,1804.901736497879,481.0
20x10+mix_038,557.0,1805.491917848587,557.0
20x10+mix_039,511.0,1804.8736429214478,511.0
20x10+mix_040,432.0,1804.8139629364014,432.0
20x10+mix_041,463.0,1804.9128482341766,463.0
20x10+mix_042,462.0,1805.001856803894,462.0
20x10+mix_043,449.0,1805.6435945034027,449.0
20x10+mix_044,498.0,1805.1047794818878,498.0
20x10+mix_045,409.0,1806.034691810608,409.0
20x10+mix_046,462.0,1804.9016435146332,462.0
20x10+mix_047,373.0,1805.228146314621,373.0
20x10+mix_048,463.0,1805.1680834293365,463.0
20x10+mix_049,484.0,1805.0200181007385,484.0
20x10+mix_050,466.0,1805.2882783412933,466.0
20x10+mix_051,456.0,1805.147042274475,456.0
20x10+mix_052,510.0,1804.6930446624756,510.0
20x10+mix_053,479.0,1805.1879198551178,479.0
20x10+mix_054,420.0,1805.10275888443,420.0
20x10+mix_055,393.0,1804.9387776851654,393.0
20x10+mix_056,491.0,1805.1889510154724,491.0
20x10+mix_057,407.0,1805.2802081108093,407.0
20x10+mix_058,477.0,1804.6739299297333,477.0
20x10+mix_059,495.0,1805.464362859726,495.0
20x10+mix_060,471.0,1804.99649643898,471.0
20x10+mix_061,499.0,1804.9277203083038,499.0
20x10+mix_062,471.0,1804.9980826377869,471.0
20x10+mix_063,504.0,1805.1411998271942,504.0
20x10+mix_064,490.0,1804.941608428955,490.0
20x10+mix_065,447.0,1805.1501893997192,447.0
20x10+mix_066,490.0,1804.6306912899017,490.0
20x10+mix_067,467.0,1804.6527736186981,467.0
20x10+mix_068,454.0,1805.0146851539612,454.0
20x10+mix_069,458.0,1805.0047817230225,458.0
20x10+mix_070,501.0,1805.1397957801819,501.0
20x10+mix_071,457.0,1805.1687247753143,457.0
20x10+mix_072,435.0,1805.3022933006287,435.0
20x10+mix_073,483.0,1804.9981207847595,483.0
20x10+mix_074,446.0,1804.909405708313,446.0
20x10+mix_075,469.0,1804.8489592075348,469.0
20x10+mix_076,474.0,1804.5953431129456,474.0
20x10+mix_077,409.0,1805.0054478645325,409.0
20x10+mix_078,470.0,1805.7730343341827,470.0
20x10+mix_079,472.0,1804.683697462082,472.0
20x10+mix_080,451.0,1805.2664251327515,451.0
20x10+mix_081,448.0,1805.317462682724,448.0
20x10+mix_082,448.0,1805.030401468277,448.0
20x10+mix_083,412.0,1805.2732343673706,412.0
20x10+mix_084,486.0,1805.1204481124878,486.0
20x10+mix_085,473.0,1805.418972492218,473.0
20x10+mix_086,499.0,1805.1216356754303,499.0
20x10+mix_087,468.0,1805.7818927764893,468.0
20x10+mix_088,460.0,1805.3607149124146,460.0
20x10+mix_089,434.0,1805.2763662338257,434.0
20x10+mix_090,481.0,1805.3021392822266,481.0
20x10+mix_091,443.0,1805.2650344371796,443.0
20x10+mix_092,437.0,1806.4570527076721,437.0
20x10+mix_093,457.0,1806.7516040802002,457.0
20x10+mix_094,474.0,1806.186342716217,474.0
20x10+mix_095,463.0,1806.1593642234802,463.0
20x10+mix_096,411.0,1806.0237743854523,411.0
20x10+mix_097,453.0,1806.1082384586334,453.0
20x10+mix_098,494.0,1805.3944051265717,494.0
20x10+mix_099,451.0,1805.8824317455292,451.0
20x10+mix_100,438.0,1805.8696355819702,438.0
20x5+mix_001,592.0,1800.9129085540771,592.0
20x5+mix_002,579.0,1801.238182067871,579.0
20x5+mix_003,588.0,1800.8007225990295,588.0
20x5+mix_004,591.0,1800.8167610168457,591.0
20x5+mix_005,648.0,1800.830411195755,648.0
20x5+mix_006,651.0,1800.9947624206543,651.0
20x5+mix_007,635.0,1800.8961119651794,635.0
20x5+mix_008,580.0,1800.8936800956726,580.0
20x5+mix_009,600.0,1801.0001783370972,600.0
20x5+mix_010,566.0,1800.9239349365234,566.0
20x5+mix_011,595.0,1800.7641959190369,595.0
20x5+mix_012,535.0,1800.799288034439,535.0
20x5+mix_013,590.0,1801.0289373397827,590.0
20x5+mix_014,554.0,1800.8793382644653,554.0
20x5+mix_015,564.0,1800.9214525222778,564.0
20x5+mix_016,489.0,1800.9767570495605,489.0
20x5+mix_017,578.0,1800.8276193141937,578.0
20x5+mix_018,575.0,1800.8198521137238,575.0
20x5+mix_019,608.0,1800.9462316036224,608.0
20x5+mix_020,676.0,1800.8595311641693,676.0
20x5+mix_021,661.0,1800.6695425510406,661.0
20x5+mix_022,589.0,1801.0133056640625,589.0
20x5+mix_023,667.0,1800.842530965805,667.0
20x5+mix_024,588.0,1801.1396491527557,588.0
20x5+mix_025,698.0,1801.3769972324371,698.0
20x5+mix_026,623.0,1801.3555529117584,623.0
20x5+mix_027,584.0,1801.598969221115,584.0
20x5+mix_028,563.0,1801.2434782981873,563.0
20x5+mix_029,668.0,1800.905999660492,668.0
20x5+mix_030,570.0,1800.742681503296,570.0
20x5+mix_031,552.0,1800.7525477409363,552.0
20x5+mix_032,540.0,1800.3300523757935,540.0
20x5+mix_033,638.0,1800.804897069931,638.0
20x5+mix_034,564.0,1800.8549551963806,564.0
20x5+mix_035,576.0,1801.1437635421753,576.0
20x5+mix_036,627.0,1801.5624051094055,627.0
20x5+mix_037,590.0,1801.2083749771118,590.0
20x5+mix_038,473.0,1800.720267534256,473.0
20x5+mix_039,607.0,1800.7219059467316,607.0
20x5+mix_040,573.0,1800.679535627365,573.0
20x5+mix_041,636.0,1800.6602392196655,636.0
20x5+mix_042,629.0,1800.6207988262177,629.0
20x5+mix_043,713.0,1800.6662254333496,713.0
20x5+mix_044,574.0,1800.6122345924377,574.0
20x5+mix_045,655.0,1800.6726126670837,655.0
20x5+mix_046,545.0,1800.9662153720856,545.0
20x5+mix_047,554.0,1800.688973903656,554.0
20x5+mix_048,571.0,1800.8852818012238,571.0
20x5+mix_049,564.0,1800.8405849933624,564.0
20x5+mix_050,678.0,1800.6934666633606,678.0
20x5+mix_051,612.0,1800.4756262302399,612.0
20x5+mix_052,613.0,1800.735680103302,613.0
20x5+mix_053,675.0,1801.155960559845,675.0
20x5+mix_054,616.0,1800.8702278137207,616.0
20x5+mix_055,615.0,1800.620477437973,615.0
20x5+mix_056,556.0,1800.902147769928,556.0
20x5+mix_057,635.0,1800.7386832237244,635.0
20x5+mix_058,617.0,1800.8825738430023,617.0
20x5+mix_059,569.0,1800.5593478679657,569.0
20x5+mix_060,614.0,1800.8798575401306,614.0
20x5+mix_061,656.0,1800.4180328845978,656.0
20x5+mix_062,560.0,1800.7449736595154,560.0
20x5+mix_063,638.0,1800.2032206058502,638.0
20x5+mix_064,614.0,1800.483811378479,614.0
20x5+mix_065,530.0,1800.7381448745728,530.0
20x5+mix_066,669.0,1800.7482426166534,669.0
20x5+mix_067,553.0,1800.7333612442017,553.0
20x5+mix_068,637.0,1800.6539590358734,637.0
20x5+mix_069,597.0,1800.2982304096222,597.0
20x5+mix_070,676.0,1800.6486327648163,676.0
20x5+mix_071,638.0,1800.6902015209198,638.0
20x5+mix_072,667.0,1801.1650228500366,667.0
20x5+mix_073,569.0,1801.3433315753937,569.0
20x5+mix_074,698.0,1801.0723366737366,698.0
20x5+mix_075,584.0,1801.282211303711,584.0
20x5+mix_076,601.0,1800.9140272140503,601.0
20x5+mix_077,637.0,1800.6180198192596,637.0
20x5+mix_078,693.0,1800.3930342197418,693.0
20x5+mix_079,482.0,1800.77996301651,482.0
20x5+mix_080,460.0,1800.7578570842743,460.0
20x5+mix_081,573.0,1800.716100692749,573.0
20x5+mix_082,668.0,1800.7706067562103,668.0
20x5+mix_083,597.0,1800.7736167907715,597.0
20x5+mix_084,552.0,1800.7701213359833,552.0
20x5+mix_085,608.0,1800.702790737152,608.0
20x5+mix_086,623.0,1800.7100257873535,623.0
20x5+mix_087,717.0,1800.7599930763245,717.0
20x5+mix_088,591.0,1800.7896869182587,591.0
20x5+mix_089,537.0,1800.793229341507,537.0
20x5+mix_090,556.0,1800.783989906311,556.0
20x5+mix_091,588.0,1800.7885539531708,588.0
20x5+mix_092,591.0,1800.793447971344,591.0
20x5+mix_093,672.0,1800.7400047779083,672.0
20x5+mix_094,591.0,1800.7679789066315,591.0
20x5+mix_095,491.0,1800.8523461818695,491.0
20x5+mix_096,600.0,1800.7990114688873,600.0
20x5+mix_097,674.0,1800.7188453674316,674.0
20x5+mix_098,587.0,1800.7456443309784,587.0
20x5+mix_099,593.0,1800.7240419387817,593.0
20x5+mix_100,650.0,1800.784138917923,650.0
30x10+mix_001,696.0,1812.3355252742767,696.0
30x10+mix_002,685.0,1812.7817208766937,685.0
30x10+mix_003,667.0,1812.4357302188873,667.0
30x10+mix_004,742.0,1813.377834558487,742.0
30x10+mix_005,741.0,1812.1263492107391,741.0
30x10+mix_006,781.0,1812.7248799800873,781.0
30x10+mix_007,651.0,1813.1432394981384,651.0
30x10+mix_008,720.0,1812.9292135238647,720.0
30x10+mix_009,759.0,1813.5872497558594,759.0
30x10+mix_010,730.0,1814.0725870132446,730.0
30x10+mix_011,688.0,1812.725162267685,688.0
30x10+mix_012,690.0,1812.946534395218,690.0
30x10+mix_013,678.0,1813.4978201389313,678.0
30x10+mix_014,687.0,1810.4412186145782,687.0
30x10+mix_015,640.0,1810.470364332199,640.0
30x10+mix_016,744.0,1811.075023651123,744.0
30x10+mix_017,682.0,1810.332023859024,682.0
30x10+mix_018,662.0,1810.1328327655792,662.0
30x10+mix_019,705.0,1810.316001176834,705.0
30x10+mix_020,602.0,1811.7027213573456,602.0
30x10+mix_021,739.0,1810.2932505607605,739.0
30x10+mix_022,673.0,1811.694906949997,673.0
30x10+mix_023,707.0,1811.9571962356567,707.0
30x10+mix_024,700.0,1812.824346780777,700.0
30x10+mix_025,698.0,1813.0323932170868,698.0
30x10+mix_026,694.0,1812.2368006706238,694.0
30x10+mix_027,692.0,1812.1547553539276,692.0
30x10+mix_028,660.0,1813.0785913467407,660.0
30x10+mix_029,700.0,1815.570151567459,700.0
30x10+mix_030,725.0,1811.9743282794952,725.0
30x10+mix_031,694.0,1812.2864010334015,694.0
30x10+mix_032,762.0,1812.7245132923126,762.0
30x10+mix_033,684.0,1813.0237357616425,684.0
30x10+mix_034,716.0,1812.0965967178345,716.0
30x10+mix_035,714.0,1811.1842489242554,714.0
30x10+mix_036,730.0,1811.8104665279388,730.0
30x10+mix_037,672.0,1812.6239938735962,672.0
30x10+mix_038,697.0,1812.863559961319,697.0
30x10+mix_039,755.0,1811.4386222362518,755.0
30x10+mix_040,721.0,1811.9288442134857,721.0
30x10+mix_041,725.0,1811.540075302124,725.0
30x10+mix_042,724.0,1811.8594312667847,724.0
30x10+mix_043,754.0,1811.0881967544556,754.0
30x10+mix_044,753.0,1811.2656209468842,753.0
30x10+mix_045,708.0,1810.5535035133362,708.0
30x10+mix_046,707.0,1810.5551421642303,707.0
30x10+mix_047,700.0,1810.6908996105194,700.0
30x10+mix_048,628.0,1810.6973974704742,628.0
30x10+mix_049,671.0,1814.0258038043976,671.0
30x10+mix_050,729.0,1815.7730102539062,729.0
30x10+mix_051,663.0,1816.9165019989014,663.0
30x10+mix_052,698.0,1815.7294487953186,698.0
30x10+mix_053,674.0,1817.6623990535736,674.0
30x10+mix_054,685.0,1817.647418498993,685.0
30x10+mix_055,682.0,1816.9339139461517,682.0
30x10+mix_056,622.0,1814.8310205936432,622.0
30x10+mix_057,710.0,1815.307454109192,710.0
30x10+mix_058,672.0,1815.8692317008972,672.0
30x10+mix_059,735.0,1814.0586864948273,735.0
30x10+mix_060,685.0,1815.9585394859314,685.0
30x10+mix_061,613.0,1813.9828236103058,613.0
30x10+mix_062,703.0,1817.0923292636871,703.0
30x10+mix_063,683.0,1816.8031075000763,683.0
30x10+mix_064,668.0,1817.8182830810547,668.0
30x10+mix_065,692.0,1816.4592051506042,692.0
30x10+mix_066,678.0,1817.1349391937256,678.0
30x10+mix_067,722.0,1815.331648349762,722.0
30x10+mix_068,679.0,1813.0420780181885,679.0
30x10+mix_069,674.0,1813.3530898094177,674.0
30x10+mix_070,617.0,1812.6129794120789,617.0
30x10+mix_071,669.0,1812.4884498119354,669.0
30x10+mix_072,742.0,1812.0404908657074,742.0
30x10+mix_073,679.0,1811.6041491031647,679.0
30x10+mix_074,645.0,1812.0150363445282,645.0
30x10+mix_075,699.0,1811.2321479320526,699.0
30x10+mix_076,715.0,1810.9224910736084,715.0
30x10+mix_077,715.0,1811.3227291107178,715.0
30x10+mix_078,635.0,1812.2564296722412,635.0
30x10+mix_079,660.0,1811.3748557567596,660.0
30x10+mix_080,691.0,1811.2153306007385,691.0
30x10+mix_081,640.0,1811.9971723556519,640.0
30x10+mix_082,677.0,1811.8983719348907,677.0
30x10+mix_083,641.0,1811.5245962142944,641.0
30x10+mix_084,618.0,1811.2793228626251,618.0
30x10+mix_085,772.0,1811.401032924652,772.0
30x10+mix_086,704.0,1811.5348527431488,704.0
30x10+mix_087,664.0,1812.3199937343597,664.0
30x10+mix_088,669.0,1811.3742408752441,669.0
30x10+mix_089,621.0,1811.8135402202606,621.0
30x10+mix_090,690.0,1811.8249883651733,690.0
30x10+mix_091,698.0,1811.601725578308,698.0
30x10+mix_092,740.0,1811.6167693138123,740.0
30x10+mix_093,709.0,1811.945692539215,709.0
30x10+mix_094,651.0,1813.3163294792175,651.0
30x10+mix_095,647.0,1812.7710635662079,647.0
30x10+mix_096,659.0,1812.0362887382507,659.0
30x10+mix_097,730.0,1811.1801226139069,730.0
30x10+mix_098,699.0,1811.4777143001556,699.0
30x10+mix_099,712.0,1811.1218860149384,712.0
30x10+mix_100,698.0,1812.331280708313,698.0
40x10+mix_001,991.0,1820.9098544120789,991.0
40x10+mix_002,960.0,1821.8438441753387,960.0
40x10+mix_003,1011.0,1823.0328261852264,1011.0
40x10+mix_004,981.0,1822.6744828224182,981.0
40x10+mix_005,938.0,1824.5122592449188,938.0
40x10+mix_006,899.0,1823.9588329792023,899.0
40x10+mix_007,1027.0,1822.2090895175934,1027.0
40x10+mix_008,968.0,1822.9138724803925,968.0
40x10+mix_009,962.0,1824.3482604026794,962.0
40x10+mix_010,1129.0,1823.6924395561218,1129.0
40x10+mix_011,902.0,1824.0462787151337,902.0
40x10+mix_012,914.0,1823.6495475769043,914.0
40x10+mix_013,921.0,1823.281329870224,921.0
40x10+mix_014,940.0,1821.9007964134216,940.0
40x10+mix_015,985.0,1830.354876279831,985.0
40x10+mix_016,1132.0,1824.9582126140594,1132.0
40x10+mix_017,971.0,1822.8058948516846,971.0
40x10+mix_018,889.0,1826.923772573471,889.0
40x10+mix_019,1126.0,1825.8211047649384,1126.0
40x10+mix_020,925.0,1832.1301398277283,925.0
40x10+mix_021,1024.0,1824.7998600006104,1024.0
40x10+mix_022,1003.0,1822.8264527320862,1003.0
40x10+mix_023,1003.0,1822.2708704471588,1003.0
40x10+mix_024,893.0,1823.261311531067,893.0
40x10+mix_025,1039.0,1823.8961939811707,1039.0
40x10+mix_026,861.0,1823.4638414382935,861.0
40x10+mix_027,913.0,1824.7100994586945,913.0
40x10+mix_028,998.0,1820.4601066112518,998.0
40x10+mix_029,1051.0,1820.920975446701,1051.0
40x10+mix_030,1027.0,1822.1838943958282,1027.0
40x10+mix_031,940.0,1823.879329442978,940.0
40x10+mix_032,1084.0,1820.3778579235077,1084.0
40x10+mix_033,992.0,1819.9535217285156,992.0
40x10+mix_034,1015.0,1821.8737721443176,1015.0
40x10+mix_035,962.0,1822.4163665771484,962.0
40x10+mix_036,2867.0,1821.9545221328735,2867.0
40x10+mix_037,975.0,1822.5437092781067,975.0
40x10+mix_038,1026.0,1822.481571674347,1026.0
40x10+mix_039,940.0,1826.298416376114,940.0
40x10+mix_040,938.0,1830.4252581596375,938.0
40x10+mix_041,955.0,1829.5190589427948,955.0
40x10+mix_042,973.0,1826.4800271987915,973.0
40x10+mix_043,1016.0,1826.357007741928,1016.0
40x10+mix_044,870.0,1826.8396117687225,870.0
40x10+mix_045,931.0,1827.2354290485382,931.0
40x10+mix_046,2001.0,1827.1519227027893,2001.0
40x10+mix_047,981.0,1829.0612733364105,981.0
40x10+mix_048,931.0,1829.7204880714417,931.0
40x10+mix_049,931.0,1825.7170808315277,931.0
40x10+mix_050,1071.0,1824.7483384609222,1071.0
40x10+mix_051,904.0,1826.405321598053,904.0
40x10+mix_052,944.0,1825.0772585868835,944.0
40x10+mix_053,898.0,1825.1775650978088,898.0
40x10+mix_054,1067.0,1824.7637166976929,1067.0
40x10+mix_055,1047.0,1821.644838809967,1047.0
40x10+mix_056,891.0,1822.2862856388092,891.0
40x10+mix_057,892.0,1823.2657284736633,892.0
40x10+mix_058,1022.0,1821.7003054618835,1022.0
40x10+mix_059,972.0,1822.447853565216,972.0
40x10+mix_060,925.0,1823.127830505371,925.0
40x10+mix_061,987.0,1832.280905008316,987.0
40x10+mix_062,880.0,1835.4868006706238,880.0
40x10+mix_063,997.0,1835.9814231395721,997.0
40x10+mix_064,1106.0,1831.8896346092224,1106.0
40x10+mix_065,872.0,1819.836837053299,872.0
40x10+mix_066,945.0,1819.2202396392822,945.0
40x10+mix_067,852.0,1820.8536307811737,852.0
40x10+mix_068,957.0,1820.3656406402588,957.0
40x10+mix_069,934.0,1821.0666501522064,934.0
40x10+mix_070,918.0,1826.5720987319946,918.0
40x10+mix_071,899.0,1825.5265021324158,899.0
40x10+mix_072,993.0,1825.4214174747467,993.0
40x10+mix_073,1010.0,1820.1624119281769,1010.0
40x10+mix_074,903.0,1821.7379758358002,903.0
40x10+mix_075,871.0,1821.5677709579468,871.0
40x10+mix_076,900.0,1822.035840511322,900.0
40x10+mix_077,875.0,1826.0373330116272,875.0
40x10+mix_078,906.0,1822.3078711032867,906.0
40x10+mix_079,1045.0,1820.6333026885986,1045.0
40x10+mix_080,888.0,1822.8193230628967,888.0
40x10+mix_081,929.0,1821.6428978443146,929.0
40x10+mix_082,994.0,1821.902901172638,994.0
40x10+mix_083,1043.0,1820.9135258197784,1043.0
40x10+mix_084,1107.0,1820.5756304264069,1107.0
40x10+mix_085,914.0,1821.6723687648773,914.0
40x10+mix_086,940.0,1822.1641292572021,940.0
40x10+mix_087,951.0,1821.9165632724762,951.0
40x10+mix_088,915.0,1820.9608204364777,915.0
40x10+mix_089,1176.0,1820.1773564815521,1176.0
40x10+mix_090,1023.0,1821.5659556388855,1023.0
40x10+mix_091,996.0,1822.439772605896,996.0
40x10+mix_092,994.0,1822.7431938648224,994.0
40x10+mix_093,972.0,1820.8683235645294,972.0
40x10+mix_094,987.0,1822.2826693058014,987.0
40x10+mix_095,906.0,1821.6525180339813,906.0
40x10+mix_096,915.0,1822.643478155136,915.0
40x10+mix_097,1036.0,1821.6607122421265,1036.0
40x10+mix_098,880.0,1822.9253635406494,880.0
40x10+mix_099,1004.0,1822.3759136199951,1004.0
40x10+mix_100,1075.0,1823.1077172756195,1075.0
